name,price
Knit Throw with Fringe,$29.99 $59.99
Patterned Duvet Cover,$44.99 $119.00
Cotton Pillowcase,$9.99 $17.99
Pillowcase with Pin-tucks,$9.99 $17.99
Linen-blend Bedspread,$54.99 $99.00
Cotton Satin Duvet Cover,$59.99 $129.00
Cotton Satin Duvet Cover,$54.99 $99.00
Cotton Percale Duvet Cover,$29.99 $79.99
Cotton Satin Duvet Cover,$49.99 $99.00
Cotton Satin Duvet Cover,$49.99 $129.00
King/Queen Duvet Cover,$49.99 $119.00
Oxford-style Pillowcase,$12.99 $24.99
Jacquard-weave Duvet Cover,$29.99 $79.99
Large Glass Vase,$34.99 $49.99
Cotton Percale Duvet Cover,$29.99 $59.99
Cotton Satin Pillowcase,$7.99 $19.99
Pillowcase with Pin-tucks,$8.99 $17.99
Cotton Percale Flat Sheet,$18.99 $34.99
Cotton Satin Pillowcase,$9.99 $19.99
Cotton Satin Duvet Cover,$42.99 $69.99
Cotton Percale Flat Sheet,$24.99 $39.99
Jacquard-weave Pillowcase,$6.99 $17.99
Twin Duvet Cover,$49.99 $79.99
Cotton Satin Duvet Cover,$39.99 $69.99
Oxford-style Pillowcase,$9.99 $24.99
King/Queen Duvet Cover,$69.99 $119.00
Jacquard-weave Pillowcase,$9.99 $17.99
Jacquard-weave Cushion Cover,$14.99 $24.99
Oxford-style Pillowcase,$9.99 $24.99
Cotton Satin Duvet Cover,$39.99 $69.99
Metal Candlestick,$14.99 $24.99
Cotton Satin Duvet Cover,$54.99 $99.00
Jacquard-weave Duvet Cover,$49.99 $79.99
Linen Bedspread,$59.99 $99.00
Pillowcase with Printed Text,$5.99 $9.99
Small Wooden Cutting Board,$12.99 $24.99
