headline,link,summary
Trump warns Iran of âobliterationâ in event of war,/news/world-us-canada-48728465,But the US president says he is open to talks with Tehran after pulling out of military strikes.
Bumrah's double-wicket maiden puts India on top against Afghanistan,/sport/live/cricket/47482967,
"The 3,100-mile race around a single New York block",https://www.bbc.com/sport/48702452,
How to be a better tourist,http://www.bbc.com/capital/story/20190618-how-to-be-a-better-tourist,
Where gay pride began 50 years ago,http://www.bbc.com/travel/story/20190620-how-the-stonewall-riots-changed-history,
Johnson avoids questions over 'partner row',/news/uk-politics-48731774,"Mr Johnson tells a Tory hustings ""people did not want to hear"" about the reported argument."
Cambodia building collapse death toll rises,/news/world-asia-48729072,At least seven people are confirmed dead and others are missing in the city of Sihanoukville.
Trump dismisses rape allegation as 'fiction',/news/world-us-canada-48727972,Writer E. Jean Carroll says Mr Trump raped her in a department store dressing room in the mid-1990s.
"Williamson hits century but Latham falls as NZ push past 200 against West Indies - clips, radio & text",/sport/live/cricket/47482974,"Captain Kane Williamson hits his second century of the World Cup as New Zealand recover after early wickets against West Indies at Old Trafford - follow in-play clips, radio & text."
Watch: Fifa Women's World Cup - Germany double lead v Nigeria through VAR-awarded penalty,/sport/live/football/47323151,"Germany face Nigeria in the round of 16 at the Fifa Women's World Cup 2019 - watch BBC Two coverage, listen to BBC Radio 5 Live commentary and follow live text."
Hamilton takes French Grand Prix pole,/sport/formula1/48730691,"Mercedes' Lewis Hamilton takes pole position for the French Grand Prix, with Ferrariâs Sebastian Vettel only able to manage seventh."
Jonas Brothers in the Live Lounge,http://www.bbc.com/culture/story/20190621-jonas-brothers-in-the-live-lounge,The comeback kids perform their single and cover Lewis Capaldi's monster hit
Ten album releases that stunned music,http://www.bbc.com/culture/story/20190617-ten-album-releases-that-shook-the-music-industry,A look back at the most unconventional album releases
The most underrated Beatles songs,http://www.bbc.com/culture/story/20190618-the-most-underrated-beatles-songs,Songs from the Fab Four that deserve more time in the limelight
How your looks shape your personality,http://www.bbc.com/future/story/20190619-how-your-looks-shape-your-personality,"Certain physical traits may make you a more outgoing, or aggressive, person"
Indiaâs curious âdeath hotelsâ,http://www.bbc.com/travel/story/20190617-indias-city-where-people-come-to-die,"âPeople come here with hope, not fearâ"
Why are people drinking 'raw water'?,http://www.bbc.com/capital/story/20190620-why-are-people-thirsty-for-raw-water,"Unpicking the trend for seeking out un-purified, untreated water"
How Muslims became TVâs good guys,http://www.bbc.com/culture/story/20190620-how-muslims-became-the-good-guys-on-tv,The new wave of thrillers correcting Islamophobia
Songs deemed 'too dangerous' for broadcast,http://www.bbc.com/culture/story/20190620-banned-the-songs-deemed-too-dangerous-for-the-bbc,The strangest reasons the BBC banned songs
The designer who freed the female body,http://www.bbc.com/culture/story/20190617-the-designer-who-freed-the-female-body,How a visionary couturier blazed a trail with his famously daring dresses
Is there a spy in your pocket?,https://www.bbc.co.uk/programmes/articles/mXtpBVzfVHYswmRFN7gtKb/is-there-a-spy-in-your-pocket,"Compelling evidence shows that software is being used to track the work of journalists, activists..."
Cardi B charged with strip club assault,/news/entertainment-arts-48723275,US rapper charged on multiple counts of assault for her alleged role in a New York bar brawl last...
Living drug has cancer 'on the run',/news/health-48706822,
Fighting for the right to strip,/news/stories-48629890,
Tech Tent: Is Facebook the future of money?,/news/technology-48725512,
Apple warns China tariffs will help rivals,/news/business-48714701,
'Friendly' bacteria could help save frogs,/news/science-environment-48707650,
"Rites of Passage, Portraits of Prom",/news/in-pictures-48582217,
Face to face with DR Congo's deadly vipers,/news/in-pictures-48355741,
A bridge made of grass,/news/in-pictures-48628325,
The best news photos of the week,/news/in-pictures-48635469,
Greenland scene wins top prize in 2019 Travel Photo Contest,/news/in-pictures-48614154,
Africa's top shots: Face paint and top hats,/news/world-africa-48626105,
