,headline,link,summary
0,US to hit Iran with further sanctions,/news/world-us-canada-48732672,"The measures are intended to prevent Iran obtaining nuclear weapons, President Donald Trump says."
1,Murray & Lopez lead by break in doubles semi at Queen's - TV & text,/sport/live/tennis/47965603,
2,"The 3,100-mile race around a single New York block",https://www.bbc.com/sport/48702452,
3,How to be a better tourist,http://www.bbc.com/capital/story/20190618-how-to-be-a-better-tourist,
4,Where gay pride began 50 years ago,http://www.bbc.com/travel/story/20190620-how-the-stonewall-riots-changed-history,
5,Johnson avoids questions over 'partner row',/news/uk-politics-48731774,"Mr Johnson tells a Tory hustings ""people did not want to hear"" about the reported argument."
6,Cambodia building collapse death toll rises,/news/world-asia-48729072,At least seven people are confirmed dead and others are missing in the city of Sihanoukville.
7,Russia suspends Georgia flights amid unrest,/news/world-europe-48727133,President Putin bans Georgian airlines from flying to Russia following a surge of violent unrest.
8,"Gayle falls for 87 as Windies chase 292 to beat New Zealand - clips, radio & text",/sport/live/cricket/47482974,"Chris Gayle hits a half-century and is dropped three times as West Indies pass 150, needing 292 to beat New Zealand in the World Cup at Old Trafford."
9,Watch: Fifa Women's World Cup - Norway face Australia in last 16,/sport/live/football/47323152,Norway face Australia in the round of 16 at the Fifa Women's World Cup 2019 - watch BBC Two coverage and follow live text commentary.
10,India survive Afghanistan scare,/sport/cricket/48731754,"India avoid a World Cup upset against Afghanistan, thanks to Mohammed Shami's final-over hat-trick."
11,Jonas Brothers in the Live Lounge,http://www.bbc.com/culture/story/20190621-jonas-brothers-in-the-live-lounge,The comeback kids perform their single and cover Lewis Capaldi's monster hit
12,Ten album releases that stunned music,http://www.bbc.com/culture/story/20190617-ten-album-releases-that-shook-the-music-industry,A look back at the most unconventional album releases
13,The most underrated Beatles songs,http://www.bbc.com/culture/story/20190618-the-most-underrated-beatles-songs,Songs from the Fab Four that deserve more time in the limelight
14,How your looks shape your personality,http://www.bbc.com/future/story/20190619-how-your-looks-shape-your-personality,"Certain physical traits may make you a more outgoing, or aggressive, person"
15,Indiaâs curious âdeath hotelsâ,http://www.bbc.com/travel/story/20190617-indias-city-where-people-come-to-die,"âPeople come here with hope, not fearâ"
16,Why are people drinking 'raw water'?,http://www.bbc.com/capital/story/20190620-why-are-people-thirsty-for-raw-water,"Unpicking the trend for seeking out un-purified, untreated water"
17,How Muslims became TVâs good guys,http://www.bbc.com/culture/story/20190620-how-muslims-became-the-good-guys-on-tv,The new wave of thrillers correcting Islamophobia
18,Songs deemed 'too dangerous' for broadcast,http://www.bbc.com/culture/story/20190620-banned-the-songs-deemed-too-dangerous-for-the-bbc,The strangest reasons the BBC banned songs
19,The designer who freed the female body,http://www.bbc.com/culture/story/20190617-the-designer-who-freed-the-female-body,How a visionary couturier blazed a trail with his famously daring dresses
20,Is there a spy in your pocket?,https://www.bbc.co.uk/programmes/articles/mXtpBVzfVHYswmRFN7gtKb/is-there-a-spy-in-your-pocket,"Compelling evidence shows that software is being used to track the work of journalists, activists..."
21,Was George Clooney mad to take on Catch-22? âââââ,/news/entertainment-arts-48666573,Much of the complexity and texture of Heller's creation has been flattened by the production team.
22,Living drug has cancer 'on the run',/news/health-48706822,
23,Fighting for the right to strip,/news/stories-48629890,
24,Tech Tent: Is Facebook the future of money?,/news/technology-48725512,
25,Apple warns China tariffs will help rivals,/news/business-48714701,
26,'Friendly' bacteria could help save frogs,/news/science-environment-48707650,
27,"Rites of Passage, Portraits of Prom",/news/in-pictures-48582217,
28,Face to face with DR Congo's deadly vipers,/news/in-pictures-48355741,
29,A bridge made of grass,/news/in-pictures-48628325,
30,The best news photos of the week,/news/in-pictures-48635469,
31,Greenland scene wins top prize in 2019 Travel Photo Contest,/news/in-pictures-48614154,
32,Africa's top shots: Face paint and top hats,/news/world-africa-48626105,
